update,total_steps,actor_loss,critic_loss,entropy,total_loss,clip_fraction,grad_norm,explained_variance,approx_kl,lr,mean_reward,success_rate,completed_episodes
1,2048,0.014102941082092002,990.7535202026368,2.098220685124397,495.3887707233429,0.369970703125,252.2577971458435,0.010433912,0.034494567872025074,0.0003,-572.411739890729,0.0,13
2,4096,0.009470572634018026,983.9108580589294,2.0858393177390098,491.962823677063,0.332763671875,327.8957925796509,0.00079113245,0.027896276622777806,0.0003,-584.0338729416632,0.0,14
3,6144,0.016124401733395643,655.6046117782593,2.0671568885445595,327.8163592815399,0.392236328125,263.7855460166931,0.00015348196,0.03784433891996741,0.0003,-538.9281620626017,0.0,13
4,8192,0.01251886530953925,535.9930561065673,2.073235459625721,268.00697178840636,0.38349609375,234.1538093328476,-0.000207901,0.037506997177843004,0.0003,-541.1585977046794,0.0,14
5,10240,0.017915795394219457,332.9373595714569,2.0741799592971804,166.48452203273774,0.42890625,175.3634502530098,-5.686283e-05,0.04947634055279195,0.0003,-512.5840724591801,0.0,14
6,12288,0.017426117009017618,218.75776020288467,2.070023687928915,109.39423581957817,0.411279296875,144.83367347717285,-3.4928322e-05,0.04419492734305095,0.0003,-501.96903897977705,0.0,13
7,14336,0.03684662099694833,119.62924354076385,2.048652496188879,59.84941999912262,0.46328125,86.96339032649993,0.018997073,0.08095747972838581,0.0003,-475.36012619117395,0.0,14
8,16384,0.021713621872186194,129.58051308989525,2.0351202078163624,64.80993528068066,0.44609375,128.44539577960967,0.80938125,0.08474434880772605,0.0003,-471.33446221550196,0.0,14
9,18432,0.013837911435985006,45.48735364675522,2.052027679979801,22.7554627135396,0.37021484375,43.17316090911627,0.6457518,0.1807492601015838,0.0003,-447.0735158601383,0.0,13
10,20480,0.007167245197342709,118.52662893533707,2.0671163499355316,59.26841449737549,0.2076171875,114.01910789310932,0.8969412,0.029485794523498043,0.0003,-519.8035551444697,0.0,14
11,22528,-0.003892425954109058,133.3226443529129,2.0670112527906896,66.65536276102065,0.159130859375,143.4838278800249,0.92789114,0.0113298953830963,0.0003,-511.47701484062173,0.0,14
12,24576,0.006666638159367721,58.196904721856114,2.0652301497757435,29.103053663671016,0.25048828125,47.30439094901085,0.93333846,0.021275833432446233,0.0003,-473.7450703953916,0.0,13
13,26624,0.001452795835211873,76.8043015152216,2.070308242738247,38.40153304338455,0.27421875,106.50576916784048,0.9614192,0.024959343376394827,0.0003,-482.69879015904223,0.0,14
14,28672,-0.0027438286459073426,104.20168073773384,2.0896265357732773,52.09600794613361,0.206494140625,178.2165484160185,0.96675766,0.017697118080104702,0.0003,-508.0222562960976,0.0,14
15,30720,0.001516253498266451,99.98146753013134,2.0997060790657995,49.99015029668808,0.2412109375,171.1065707743168,0.96611273,0.024838092841673643,0.0003,-525.0049002978408,0.0,13
16,32768,0.015257121330068912,46.30345463603735,2.1179532274603843,23.164866588264704,0.30595703125,85.45799289047719,0.9708308,0.03265941950230626,0.0003,-488.90122687196555,0.0,14
17,34816,0.00035847059916704893,62.139144411683084,2.1453936457633973,31.06778539046645,0.2033203125,117.87103065550328,0.9645169,0.01630812908842927,0.0003,-532.2110025242189,0.0,14
18,36864,-0.0035781866463366896,47.09892657846213,2.1790855541825294,23.543706116080283,0.25068359375,97.49683628082275,0.9590721,0.02063531773892464,0.0003,-507.9326891443031,0.0,13
19,38912,0.0028746900585247203,45.80177050530911,2.1960183039307593,22.901563853025436,0.2509765625,85.64937078654766,0.94361126,0.019683468509174417,0.0003,-477.7711973699552,0.0,14
20,40960,0.0009806965332245453,25.402699103951456,2.2076514549553394,12.70012258514762,0.339501953125,27.18756882250309,0.97374576,0.032695151542429815,0.0003,-462.46832494974626,0.0,14
21,43008,0.006324614098411984,18.675666375458242,2.2177949219942095,9.341940060257912,0.366552734375,16.25800513923168,0.9688377,0.03265266683301889,0.0003,-443.9280352005978,0.0,13
22,45056,0.0006316231505479663,17.356961802393197,2.199688372761011,8.676912792399525,0.372412109375,13.872900830209256,0.98367226,0.03547722574439831,0.0003,-465.6333817722856,0.0,14
23,47104,-0.0006074455450288951,26.1872037358582,2.1806272581219672,13.090813760459422,0.256689453125,21.689610129594804,0.97998285,0.02031606895616278,0.0003,-471.00594182483104,0.0,14
24,49152,0.002011668175691739,16.239994616806506,2.1726323269307612,8.119836316071451,0.285546875,17.706713040173053,0.9838781,0.023152870399644598,0.0003,-458.21523914743796,0.0,13
25,51200,-0.006125949730630964,15.83791110292077,2.1772321932017804,7.910652407258749,0.307958984375,17.279671189188957,0.9875257,0.02530633621790912,0.0003,-384.8287118631875,0.0,14
26,53248,-0.0063599216256989164,22.216961746662854,2.1713164784014225,11.099949692934752,0.30166015625,21.136775159835814,0.9849089,0.02266295971494401,0.0003,-395.4943869641308,0.0,13
27,55296,-0.0046268353646155445,23.78841201290488,2.166708891093731,11.88741244636476,0.269140625,24.07533423602581,0.9795582,0.01978063037240645,0.0003,-410.2659545322131,0.0,14
28,57344,-0.009536717273294925,20.856760124862195,2.172286421060562,10.416671079955995,0.312841796875,18.614463545382023,0.98794156,0.027310551222763026,0.0003,-391.1522861366246,0.0,14
29,59392,-0.014465996762737632,11.24309825859964,2.165935155749321,5.604917178303003,0.37724609375,15.836170020699502,0.9934444,0.03426920888014138,0.0003,-353.03776241366126,0.0,13
30,61440,-0.0022851132438518108,18.151384511962533,2.1394036166369914,9.071267726272344,0.3318359375,16.522596777975558,0.98997647,0.029654213627509307,0.0003,-325.04931160785105,0.0,14
31,63488,0.00045183788461145014,17.35892646163702,2.1195023730397224,8.677795544825495,0.288818359375,16.14932754561305,0.98830485,0.02359717252838891,0.0003,-330.5140857060392,0.0,14
32,65536,-0.003297742016729899,12.269410843588412,2.1246973872184753,6.129283027164638,0.2876953125,12.674633156508207,0.9924107,0.022035108125419357,0.0003,-342.6789873116356,0.0,13
33,67584,-0.006602904316969216,29.39526080004871,2.1076293304562568,14.688919931463897,0.314453125,16.965755686163902,0.9865593,0.024905823021254037,0.0003,-292.17650408150047,0.0,14
34,69632,-0.009748354680777994,25.972130309790373,2.0816078476607798,12.97423526328057,0.292236328125,18.13969928473234,0.9877251,0.022752418661548292,0.0003,-286.4652276299251,0.0,14
35,71680,-0.006642756887595169,23.09046952947974,2.060330277681351,11.536531691532582,0.2876953125,15.058865321427584,0.9899673,0.025035307958023622,0.0003,-253.09627683576147,0.0,13
36,73728,-0.004291121746064164,12.83085651639849,2.0322950407862663,6.409104839805513,0.2794921875,12.966595874726773,0.99380356,0.02149600855191238,0.0003,-305.61704601527725,0.0,14
37,75776,-0.008856945269508287,37.677437382936475,2.016248121857643,18.827845588885246,0.2599609375,27.289314875006674,0.97962826,0.019404934567864983,0.0003,-254.19454367308396,0.0,14
38,77824,-0.007515917555429042,26.209772634133696,2.010412481427193,13.095359972678125,0.29462890625,18.890726268291473,0.98592734,0.023161207874363755,0.0003,-240.9729118467381,0.0,13
39,79872,-0.01125350927177351,18.61367046851665,2.000468511506915,9.29358128728345,0.330517578125,18.688281463086604,0.9909868,0.029067832897999323,0.0003,-258.5163342561733,0.0,14
40,81920,-0.008287027076585218,21.305179581418635,1.987410831823945,10.642315302044153,0.2958984375,23.820732536911965,0.9876432,0.02359070137463277,0.0003,-217.41630803354477,0.0,14
41,83968,-0.014827300191973336,9.692933678627014,1.9903326269239188,4.829649203643203,0.308056640625,21.911857609450816,0.9872876,0.02503685532574309,0.0003,-258.7505493901928,0.0,13
42,86016,-0.007238120556576177,12.965721002966166,1.9779289614409208,6.473644476290792,0.266943359375,24.982493117451668,0.9889541,0.02027624216134427,0.0003,-203.79556967437068,0.0,14
43,88064,-0.0100978932576254,33.551091867685315,1.955299372971058,16.763492731563748,0.1951171875,88.15420290082693,0.98011947,0.013804377560154535,0.0003,-187.12897901960474,7.142857142857142,14
44,90112,-0.01357728235743707,22.752580132335424,1.9406391307711601,11.360772173851728,0.242724609375,87.02690978646278,0.98408777,0.016902488053892738,0.0003,-185.25447652505534,0.0,13
45,92160,-0.015222665737383068,77.71611845940352,1.9214780509471894,38.84091501906514,0.165771484375,176.53831484913826,0.978057,0.01150498731440166,0.0003,-187.2160173230396,0.0,14
46,94208,-0.008672365953680128,45.53762684203684,1.898717113211751,22.7582425147295,0.2775390625,71.17327331602573,0.97739094,0.020953109774563928,0.0003,-203.13047797578403,0.0,14
47,96256,-0.00418635483365506,62.81884157843888,1.8706599432975053,31.403363860584797,0.27919921875,64.40516711473465,0.9823036,0.02172341300465632,0.0003,-198.04065781596154,0.0,13
48,98304,-1.2265567784197629e-05,67.46843104325235,1.8572263099253177,33.732345776073636,0.303125,60.03610806912184,0.97828454,0.027675874067062976,0.0003,-179.7808822979485,0.0,14
49,100352,0.0076322382272337565,39.238358435034755,1.8396934434771537,19.624971913639456,0.3451171875,39.402334003150465,0.9850679,0.03745146891305921,0.0003,-205.24853615362034,0.0,14
50,102400,0.0032523316302103924,50.56019415911287,1.8372026767581702,25.28151254206896,0.33984375,52.906115259230134,0.9800273,0.03052425096393563,0.0003,-174.42109933734034,0.0,13
51,104448,-0.0003838781354716048,66.63823860138655,1.8415740352123975,33.316894207708536,0.2423828125,102.21075320988894,0.97821593,0.019265346991596745,0.0003,-186.9682823756887,0.0,14
52,106496,-0.005969891670974903,59.05262874700129,1.8446141086518764,29.518500042520465,0.22744140625,105.14568518102169,0.9839883,0.016787940004724076,0.0003,-215.46418090622143,0.0,14
53,108544,-0.00201372857845854,45.83312436044216,1.8560670517385005,22.912692620977758,0.29267578125,64.97344593256712,0.9752824,0.02386804902635049,0.0003,-181.41087235360513,0.0,13
54,110592,0.006643755396362394,54.291043400391935,1.8710464220494032,27.150294562242927,0.276708984375,70.07045248150826,0.9771186,0.024254849556018598,0.0003,-211.11653094179445,0.0,14
55,112640,-0.002811266656499356,47.49316334053874,1.86628485545516,23.74190411735326,0.318603515625,63.816837671399114,0.9709877,0.027491582126822324,0.0003,-193.71414395080913,0.0,14
56,114688,0.002879122257581912,32.01764767449349,1.8439927726984024,16.009858910087495,0.34755859375,42.66794676482677,0.97490406,0.031006175925722346,0.0003,-177.11158686543024,0.0,13
57,116736,-0.0071532839720021,10.340050494484604,1.8338814064860345,5.161038110498339,0.4189453125,15.273018141835928,0.9886608,0.04239958063699305,0.0003,-198.90729703586484,0.0,14
58,118784,-0.006240060870186426,33.147226084396245,1.8140236556529998,16.565558968484403,0.26455078125,43.348212318122386,0.97462744,0.019169979191792662,0.0003,-172.36441282097806,7.142857142857142,14
59,120832,-0.007588162185857073,23.5716064857319,1.7955201271921397,11.776419606152922,0.24501953125,51.669397589564326,0.978354,0.020498364778177347,0.0003,-185.24610087773738,0.0,13
60,122880,-0.006674986056168564,46.141019615530965,1.7928506076335906,23.062041878327726,0.217724609375,81.93904381990433,0.92340475,0.015288580500055104,0.0003,-173.426452851245,13.333333333333334,15
61,124928,-0.011074849544093013,21.120261351019145,1.791857212409377,10.547263934835792,0.293359375,38.5849608078599,0.9726676,0.023269404370512347,0.0003,-152.49514730181468,7.142857142857142,14
62,126976,-0.009610447543673217,20.72906271368265,1.7809925518929959,10.353139967843891,0.28681640625,45.21342635452747,0.96228886,0.02275038102088729,0.0003,-165.63801504340157,7.142857142857142,14
63,129024,-0.002384707040619105,13.783836193010211,1.769455449655652,6.887763911858201,0.342431640625,20.51732273697853,0.97336674,0.030964689605752937,0.0003,-129.25473368612438,0.0,13
64,131072,-0.002492572367191315,14.472998225316406,1.7667351171374321,7.232239799015224,0.24873046875,30.552978575229645,0.9505239,0.018851703981636093,0.0003,-164.73058656221832,7.142857142857142,14
65,133120,-0.003566061952733435,12.046474771760405,1.7641622979193925,6.017907181475311,0.2796875,35.475915275514126,0.94657934,0.023843742288590875,0.0003,-189.73042716509812,0.0,14
66,135168,-0.0031148502544965594,13.034250569343566,1.75318015627563,6.512257271818816,0.2861328125,26.59692781418562,0.96062386,0.02466216676548356,0.0003,-157.13597532038642,7.142857142857142,14
67,137216,-0.008587212991551496,32.824720445275304,1.748025980591774,16.402024867758154,0.2255859375,47.49578954577446,0.9144716,0.016346477816114202,0.0003,-167.17740186410796,21.428571428571427,14
68,139264,-0.01116216840746347,16.650423311814667,1.7470988970249892,8.31230235863477,0.261767578125,46.823186692595485,0.9597585,0.02045759699685732,0.0003,-185.7549150594546,13.333333333333334,15
69,141312,0.0015204026887658984,13.970167250931263,1.720064239576459,6.984883977659047,0.255224609375,36.12957271635533,0.97023666,0.022241730298264883,0.0003,-159.73982956229318,0.0,14
70,143360,-0.007377561519388109,19.442041255533695,1.6851844672113656,9.711957883834838,0.243994140625,39.84085068106651,0.9564849,0.018783148037618956,0.0003,-157.3668127992142,20.0,15
71,145408,-0.002964106618310325,13.65383774396032,1.6676772359758616,6.822287110611796,0.3283203125,34.6272421091795,0.96176356,0.027549855614779517,0.0003,-153.1651720635999,13.333333333333334,15
72,147456,-0.0065147051063831896,20.764003875851632,1.6625762768089771,10.373824669793247,0.227880859375,56.70944483280182,0.97501415,0.017701645151828416,0.0003,-175.87214866866296,14.285714285714285,14
73,149504,-0.0005969713878585025,17.351083600521086,1.6519117943942547,8.673292895779014,0.233544921875,48.63137046098709,0.9864431,0.019850553208380008,0.0003,-211.43220472805308,6.666666666666667,15
74,151552,0.0014441780745983123,18.545381287485363,1.6539950601756572,9.272480836696923,0.2302734375,46.768033403158185,0.98368895,0.018794966273708268,0.0003,-186.82647608339218,13.333333333333334,15
75,153600,-0.000735608849208802,18.103322587162257,1.6603040602058172,9.049265440553427,0.243994140625,41.13179222345352,0.9896411,0.0198382030823268,0.0003,-184.70174385599867,14.285714285714285,14
76,155648,-0.0033620510323089546,25.094172708690166,1.6610716968774795,12.54206323325634,0.302978515625,37.22859295904637,0.98533237,0.028531945985741915,0.0003,-148.155624963455,26.666666666666668,15
77,157696,-0.004004777163208928,24.564785797521473,1.6702374033629894,12.276717910170555,0.3396484375,41.93480193465948,0.9863363,0.031123494378698525,0.0003,-197.4446174344315,13.333333333333334,15
78,159744,-0.009420205981587059,26.565357010439037,1.6657285802066326,13.271592648141086,0.366552734375,34.787823528051376,0.9879568,0.03335374703310663,0.0003,-159.51288435261813,20.0,15
79,161792,-0.006604907062137499,37.151177579164504,1.65107863843441,18.56733276527375,0.35546875,33.933183662593365,0.9812571,0.030820701429911425,0.0003,-130.44134305820708,13.333333333333334,15
80,163840,-0.007667000778019429,30.014831548556685,1.6212244741618633,14.998127636313438,0.3634765625,25.65301005989313,0.9840642,0.03153412338579074,0.0003,-118.94975641359235,31.25,16
81,165888,-0.0038033862918382512,58.56256292425096,1.5924064066261052,29.275885743275285,0.366796875,32.53468972593546,0.96982104,0.03222682300547604,0.0003,-104.71214670443726,44.44444444444444,18
82,167936,-0.004650153775583021,18.7295923743397,1.5749939415603875,9.358570929244161,0.373193359375,20.31990718245506,0.9827076,0.03367818969709333,0.0003,-109.2744395687888,20.0,15
83,169984,-0.0021061467472463847,21.89321922212839,1.5674441643059254,10.942936045303941,0.3060546875,23.781447789072992,0.9735342,0.02806570067477878,0.0003,-106.98384185287196,13.333333333333334,15
84,172032,-0.011491610881057568,26.819103058427572,1.5621745269745588,13.396497698128224,0.269091796875,31.833253276348113,0.9738032,0.01924950800894294,0.0003,-85.56624204220705,33.33333333333333,18
85,174080,-0.007050805495237,31.47737889289856,1.5528271153569222,15.730085794068874,0.31396484375,26.087305821478367,0.96891516,0.024485841582645662,0.0003,-83.17449118282069,47.05882352941176,17
86,176128,-0.011019023178960197,19.563380618020894,1.5488462515175343,9.769122425653041,0.4,19.703885006159545,0.97234213,0.04342752625816502,0.0003,-84.8960165167678,35.294117647058826,17
87,178176,-0.0015229395910864695,23.623644143715502,1.532428066805005,11.808766642212868,0.27314453125,25.896938091516496,0.9601872,0.02343735770264175,0.0003,-91.99305298385873,25.0,16
88,180224,-0.0067245521728182215,28.94996993690729,1.5160258438438177,14.466744339093566,0.261376953125,26.797784559428692,0.930755,0.020180247011012398,0.0003,-97.8358668970204,20.0,15
89,182272,-0.005650537469773553,48.67830565273762,1.510247527807951,24.33199212998152,0.25712890625,34.657899567484854,0.86977553,0.020086074285791254,0.0003,-83.35575808308386,43.75,16
90,184320,-0.00730713594093686,35.96379946321249,1.4961716566234826,17.973096415400505,0.293359375,27.06422654688358,0.9016527,0.023568431864259765,0.0003,-71.10132897635779,65.0,20
91,186368,-0.007652455422794446,33.28415870219469,1.4942661374807358,16.63293257728219,0.263525390625,32.45198397934437,0.91050076,0.020518269171589054,0.0003,-62.199618968386766,80.0,20
92,188416,-0.006678185713826679,25.937173905968667,1.50078499391675,12.960408034548163,0.2751953125,27.431634512543678,0.9089097,0.023516040376853196,0.0003,-69.44418054598408,68.42105263157895,19
93,190464,-0.005495381701621227,21.755404322594405,1.505496608838439,10.870701238885522,0.245361328125,29.873639261722566,0.9014196,0.018744908564258367,0.0003,-60.04920983707584,69.56521739130434,23
94,192512,-0.011022797098848968,18.197450279444457,1.5250471137464046,9.086177280917763,0.323046875,23.622478184103965,0.9081464,0.027280108025297522,0.0003,-67.38338526547345,60.0,20
95,194560,-0.013356617518002167,18.69982924759388,1.5125069983303547,9.335045487433671,0.31142578125,27.13451701104641,0.88844466,0.025196723366389052,0.0003,-48.14083985975373,85.18518518518519,27
96,196608,-0.008481681009288877,16.960663134604694,1.4947657845914364,8.470355099067092,0.372705078125,19.531198777258396,0.8825007,0.037388013652525844,0.0003,-49.75736611976049,96.0,25
97,198656,-0.0029133716190699486,16.150237781181932,1.5143754821270705,8.070691148750484,0.39501953125,17.498801408708097,0.8916492,0.04072232429170981,0.0003,-46.04314580926953,96.55172413793103,29
98,200704,-0.007989848111174069,13.165663573890924,1.5235206056386232,6.573318439908325,0.340087890625,15.676383408904076,0.89074475,0.02940844527329318,0.0003,-57.40542992893893,75.0,24
99,202752,-0.001361853108392097,11.804920265451074,1.49616882763803,5.899602097366005,0.340380859375,13.940953347086907,0.89216745,0.030852474010316655,0.0003,-46.836472912516236,82.75862068965517,29
100,204800,-0.006148854226921685,9.848386207595468,1.4968068219721318,4.916547436220571,0.392431640625,12.431741955131292,0.88476425,0.03625246039155172,0.0003,-63.92804232799934,57.14285714285714,21
101,206848,-0.010756478243274614,14.245092727988958,1.4904256336390973,7.110299472138285,0.2958984375,16.068113479018212,0.8849555,0.023772623535478488,0.0003,-42.94955070733015,100.0,31
102,208896,0.000858471664832905,11.67688180077821,1.4719199873507023,5.837827434577048,0.360791015625,15.742817421257495,0.89762694,0.03664217518235091,0.0003,-36.13853190341817,100.0,37
103,210944,-0.004602742404676974,12.95270071476698,1.459155235439539,6.4702884631231425,0.378662109375,14.377331387996673,0.8777462,0.03703148387139663,0.0003,-38.76740129998583,100.0,34
104,212992,0.0019462620402919129,13.81339508779347,1.4299566488713027,6.907213852461427,0.433740234375,12.392294082045556,0.8872436,0.05524305400904268,0.0003,-38.97970432665979,100.0,38
105,215040,-0.0038592867116676644,12.705992678087204,1.401426811516285,6.347735624480992,0.36611328125,11.865430434793234,0.88722634,0.03530849913950078,0.0003,-39.78328251051997,100.0,35
106,217088,0.0039976794098038225,11.119550674594938,1.375833835452795,5.562397203687579,0.401904296875,11.773176434636117,0.89436203,0.0497078279760899,0.0003,-38.18132440814516,100.0,37
107,219136,-7.191457698354497e-05,11.196909933537246,1.3511354681104422,5.597031922731548,0.364208984375,12.774286142736674,0.8888492,0.04016142009932082,0.0003,-41.35944589544427,94.11764705882352,34
108,221184,-0.0010070489079225808,9.202637768536807,1.3491586536169051,4.598962688352913,0.397119140625,11.82108469605446,0.895921,0.03970299384673126,0.0003,-31.522958794398956,100.0,39
109,223232,-0.0014523781865136698,10.28974332269281,1.3591229788959027,5.142060137819499,0.3669921875,12.350055260956287,0.89070946,0.03720398712903261,0.0003,-33.278200936985456,100.0,41
110,225280,-0.0026163883187109603,9.926840526238085,1.3446146331727504,4.9594592454843225,0.388134765625,12.277421189844608,0.89998657,0.03953059307241347,0.0003,-34.85660945158314,100.0,41
111,227328,0.0023472839122405274,9.978174426127225,1.3363427307456732,4.990098164556548,0.41005859375,10.744211745262145,0.8969427,0.044846254528965804,0.0003,-35.54801774839029,100.0,39
112,229376,0.0019155356101691722,9.865621794387698,1.330186228826642,4.933396250428632,0.404541015625,10.809469188749791,0.89357674,0.04429561901197303,0.0003,-32.30671252990832,100.0,42
113,231424,0.0016820702207041905,9.151433731801808,1.3053649798035623,4.576093580387533,0.392822265625,10.563029880821706,0.8994499,0.04470838763518259,0.0003,-32.79595746121747,100.0,41
114,233472,-0.0002548144315369427,9.730507739819586,1.2610168546438216,4.863738043466583,0.399853515625,10.173323848843575,0.8960575,0.04262329481425695,0.0003,-31.620645066725697,100.0,43
115,235520,0.009255880472483113,9.450691200979055,1.2425205506384374,4.733358969679102,0.3533203125,11.20342827513814,0.90003145,0.036400400113780054,0.0003,-33.8291521976396,100.0,41
116,237568,-0.005184842139715329,8.83592655202374,1.218002324178815,4.411560446489602,0.36689453125,10.911279416829348,0.9086431,0.03640560471394565,0.0003,-34.17098214737197,100.0,44
117,239616,-0.0006392225550371222,9.533889270946384,1.199424382671714,4.765106000285596,0.359814453125,10.424726814031601,0.8919737,0.03753985456423834,0.0003,-32.80415260361375,100.0,40
118,241664,0.0007766878959955647,10.218134081922472,1.1570097606629133,5.1086867256090045,0.368408203125,11.48571798503399,0.89575523,0.040680915233679116,0.0003,-34.8600074255005,100.0,41
119,243712,0.0012511066976003348,9.87783446405083,1.1093339182436466,4.939059016434475,0.36318359375,13.211222517490388,0.9029244,0.036108849325682965,0.0003,-35.99836049553005,100.0,41
120,245760,0.004277837433619425,8.727855541510507,1.0862454727292061,4.3671193594113,0.37529296875,12.520221775770187,0.90731084,0.04385458906763233,0.0003,-32.92890416250438,100.0,41
121,247808,0.004720618412829935,8.7619988899678,1.085475567355752,4.384634579718113,0.399951171875,11.260546718537807,0.9009408,0.042481587137444876,0.0003,-31.542512655519765,100.0,43
122,249856,0.003989492956316098,9.092678129207343,1.0547020819038153,4.549273856868967,0.362353515625,11.01843856871128,0.8974619,0.037674989688093775,0.0003,-32.867130646632354,100.0,42
122,250052,-0.005046994012081996,8.659878756664693,1.021334758028388,4.323871054826304,0.41875,10.564352276176214,0.9017169,0.045721909310668704,0.0003,-31.057644552222918,100.0,5
